<?xml version="1.0" encoding="UTF-8"?>
<configurationDescriptor version="62">
  <logicalFolder name="root" displayName="root" projectFiles="true">
    <logicalFolder name="HeaderFiles"
                   displayName="Header Files"
                   projectFiles="true">
    </logicalFolder>
    <logicalFolder name="LinkerScript"
                   displayName="Linker Files"
                   projectFiles="true">
    </logicalFolder>
    <logicalFolder name="SourceFiles"
                   displayName="Source Files"
                   projectFiles="true">
    </logicalFolder>
    <logicalFolder name="ExternalFiles"
                   displayName="Important Files"
                   projectFiles="false">
      <itemPath>Makefile</itemPath>
    </logicalFolder>
  </logicalFolder>
  <projectmakefile>Makefile</projectmakefile>
  <confs>
    <conf name="default" type="2">
      <toolsSet>
        <developmentServer>localhost</developmentServer>
        <targetDevice>PIC32MX470F512L</targetDevice>
        <targetHeader></targetHeader>
        <targetPluginBoard></targetPluginBoard>
        <platformTool>PKOBSKDEPlatformTool</platformTool>
        <languageToolchain>XC32</languageToolchain>
        <languageToolchainVersion>1.40</languageToolchainVersion>
        <platform>4</platform>
      </toolsSet>
      <compileType>
        <linkerTool>
          <linkerLibItems>
          </linkerLibItems>
        </linkerTool>
        <archiverTool>
        </archiverTool>
        <loading>
          <useAlternateLoadableFile>false</useAlternateLoadableFile>
          <parseOnProdLoad>false</parseOnProdLoad>
          <alternateLoadableFile></alternateLoadableFile>
        </loading>
      </compileType>
      <makeCustomizationType>
        <makeCustomizationPreStepEnabled>false</makeCustomizationPreStepEnabled>
        <makeCustomizationPreStep></makeCustomizationPreStep>
        <makeCustomizationPostStepEnabled>false</makeCustomizationPostStepEnabled>
        <makeCustomizationPostStep></makeCustomizationPostStep>
        <makeCustomizationPutChecksumInUserID>false</makeCustomizationPutChecksumInUserID>
        <makeCustomizationEnableLongLines>false</makeCustomizationEnableLongLines>
        <makeCustomizationNormalizeHexFile>false</makeCustomizationNormalizeHexFile>
      </makeCustomizationType>
    </conf>
  </confs>
</configurationDescriptor>
