<?xml version="1.0" encoding="UTF-8"?>
<project xmlns="http://www.netbeans.org/ns/project/1">
    <type>com.microchip.mplab.nbide.embedded.makeproject</type>
    <configuration>
        <data xmlns="http://www.netbeans.org/ns/make-project/1">
            <name>LAB1PART3</name>
            <creation-uuid>63669446-cc0f-4b80-85e9-b3ef69d205f3</creation-uuid>
            <make-project-type>0</make-project-type>
            <c-extensions/>
            <cpp-extensions/>
            <header-extensions/>
            <asminc-extensions/>
            <make-dep-projects/>
            <sourceEncoding>UTF-8</sourceEncoding>
        </data>
    </configuration>
</project>
